sensor_id,timestamp,temperature,humidity,location,sensor_type
1013,2025-04-14 09:24:57,22.65,61.71,BuildingA_Floor1,TypeA
1087,2025-04-12 18:46:44,17.11,55.66,BuildingA_Floor1,TypeB
1015,2025-04-13 15:48:42,32.18,41.13,BuildingA_Floor1,TypeC
1053,2025-04-13 22:39:37,30.91,43.05,BuildingB_Floor1,TypeB
1021,2025-04-11 09:49:54,33.27,40.73,BuildingA_Floor1,TypeA
1004,2025-04-15 06:36:45,21.64,79.58,BuildingA_Floor2,TypeA
1018,2025-04-11 01:36:34,32.13,45.32,BuildingA_Floor1,TypeB
1056,2025-04-15 15:14:38,21.48,40.98,BuildingB_Floor1,TypeA
1030,2025-04-12 15:17:06,21.54,70.87,BuildingB_Floor2,TypeC
1039,2025-04-13 12:44:01,34.82,60.18,BuildingB_Floor1,TypeA
1009,2025-04-12 19:33:35,15.69,60.68,BuildingA_Floor1,TypeC
1058,2025-04-13 17:15:59,26.29,46.04,BuildingA_Floor1,TypeC
1086,2025-04-11 03:45:38,23.42,31.12,BuildingA_Floor1,TypeC
1055,2025-04-11 09:08:30,21.74,68.04,BuildingA_Floor2,TypeA
1079,2025-04-14 01:06:54,16.11,46.59,BuildingB_Floor1,TypeC
1056,2025-04-11 01:07:10,18.86,70.8,BuildingA_Floor2,TypeC
1094,2025-04-12 02:17:48,28.74,57.36,BuildingB_Floor1,TypeC
1057,2025-04-15 04:43:34,17.46,38.08,BuildingB_Floor1,TypeA
1002,2025-04-12 11:15:20,34.43,76.63,BuildingA_Floor1,TypeA
1098,2025-04-15 12:48:56,23.88,33.55,BuildingA_Floor1,TypeB
1012,2025-04-11 01:24:04,16.1,48.48,BuildingB_Floor1,TypeC
1098,2025-04-15 21:20:22,26.7,63.05,BuildingB_Floor2,TypeC
1076,2025-04-11 13:48:31,22.21,67.88,BuildingA_Floor1,TypeA
1022,2025-04-11 02:30:48,25.22,66.18,BuildingB_Floor2,TypeB
1058,2025-04-14 13:00:36,32.94,50.11,BuildingA_Floor1,TypeC
1067,2025-04-12 01:18:31,18.3,33.78,BuildingB_Floor1,TypeC
1067,2025-04-14 18:17:14,17.0,58.89,BuildingB_Floor1,TypeB
1035,2025-04-15 03:55:42,33.61,57.57,BuildingB_Floor1,TypeC
1087,2025-04-13 20:22:33,19.29,41.25,BuildingB_Floor2,TypeA
1086,2025-04-15 16:42:53,27.54,46.67,BuildingA_Floor1,TypeB
1030,2025-04-11 21:50:01,20.24,45.15,BuildingA_Floor1,TypeA
1060,2025-04-12 00:25:25,34.83,58.18,BuildingA_Floor2,TypeB
1003,2025-04-15 13:43:09,30.71,31.51,BuildingB_Floor2,TypeC
1087,2025-04-15 15:40:20,18.0,61.78,BuildingB_Floor1,TypeC
1080,2025-04-14 03:36:21,28.24,36.52,BuildingB_Floor2,TypeC
1098,2025-04-11 15:56:10,16.53,74.88,BuildingA_Floor2,TypeC
1067,2025-04-11 16:38:47,15.01,52.5,BuildingB_Floor1,TypeB
1051,2025-04-14 16:40:51,15.49,51.45,BuildingA_Floor1,TypeC
1000,2025-04-11 02:40:35,25.25,61.74,BuildingB_Floor1,TypeA
1055,2025-04-11 08:10:28,15.05,61.09,BuildingA_Floor1,TypeA
1074,2025-04-12 18:17:56,26.77,74.48,BuildingB_Floor1,TypeB
1055,2025-04-15 15:50:58,30.64,67.34,BuildingB_Floor2,TypeA
1073,2025-04-12 09:06:34,33.55,36.56,BuildingB_Floor1,TypeB
1071,2025-04-11 04:06:03,30.9,50.46,BuildingA_Floor1,TypeB
1006,2025-04-11 01:13:28,20.67,51.32,BuildingB_Floor1,TypeC
1029,2025-04-13 05:44:02,27.83,65.07,BuildingB_Floor2,TypeB
1003,2025-04-11 05:55:45,19.11,42.96,BuildingB_Floor2,TypeA
1080,2025-04-14 14:24:43,24.17,59.13,BuildingA_Floor1,TypeB
1001,2025-04-11 05:20:12,33.19,63.07,BuildingA_Floor1,TypeA
1071,2025-04-11 01:28:20,19.12,33.4,BuildingA_Floor1,TypeA
1050,2025-04-13 23:23:59,19.83,40.51,BuildingB_Floor1,TypeC
1069,2025-04-13 03:31:09,31.38,31.56,BuildingA_Floor2,TypeB
1096,2025-04-12 21:58:24,32.06,52.39,BuildingA_Floor1,TypeB
1029,2025-04-15 22:30:25,23.89,61.49,BuildingB_Floor1,TypeC
1058,2025-04-14 05:30:29,32.31,67.82,BuildingB_Floor1,TypeA
1059,2025-04-11 00:45:29,28.27,77.25,BuildingB_Floor1,TypeB
1026,2025-04-12 14:46:31,30.81,58.46,BuildingB_Floor2,TypeB
1095,2025-04-13 10:45:18,30.62,37.2,BuildingA_Floor2,TypeC
1063,2025-04-12 14:08:55,23.04,43.28,BuildingA_Floor2,TypeA
1047,2025-04-15 07:33:29,34.43,35.35,BuildingA_Floor1,TypeC
1048,2025-04-15 03:15:01,26.47,78.1,BuildingA_Floor1,TypeA
1098,2025-04-15 17:02:38,30.33,52.01,BuildingA_Floor2,TypeC
1025,2025-04-11 15:48:14,25.93,70.72,BuildingA_Floor2,TypeB
1070,2025-04-12 19:54:19,25.78,33.0,BuildingA_Floor1,TypeA
1066,2025-04-15 17:02:45,18.31,77.22,BuildingB_Floor1,TypeB
1084,2025-04-14 19:44:43,32.11,77.37,BuildingB_Floor2,TypeA
1075,2025-04-13 23:09:37,26.65,49.0,BuildingB_Floor2,TypeC
1052,2025-04-14 00:39:24,27.14,78.85,BuildingA_Floor1,TypeA
1092,2025-04-13 07:25:18,32.38,37.67,BuildingB_Floor1,TypeB
1007,2025-04-11 01:48:14,23.27,50.72,BuildingA_Floor1,TypeA
1014,2025-04-12 14:31:59,29.43,74.36,BuildingA_Floor1,TypeA
1009,2025-04-15 19:35:09,33.36,67.88,BuildingA_Floor1,TypeA
1029,2025-04-14 19:45:21,22.66,39.6,BuildingB_Floor1,TypeC
1078,2025-04-14 08:58:53,29.84,39.42,BuildingA_Floor1,TypeA
1090,2025-04-12 18:36:00,31.59,44.7,BuildingA_Floor1,TypeB
1062,2025-04-12 11:56:52,24.78,72.11,BuildingB_Floor1,TypeC
1055,2025-04-11 21:53:31,25.78,79.39,BuildingB_Floor1,TypeC
1003,2025-04-12 21:28:48,19.18,79.42,BuildingB_Floor1,TypeC
1061,2025-04-14 14:24:32,20.1,70.09,BuildingB_Floor2,TypeA
1061,2025-04-15 11:42:51,30.11,71.19,BuildingA_Floor1,TypeB
1050,2025-04-14 18:31:39,26.64,32.99,BuildingB_Floor2,TypeC
1023,2025-04-15 11:34:18,30.17,79.31,BuildingA_Floor2,TypeB
1095,2025-04-12 07:34:04,22.73,76.14,BuildingA_Floor1,TypeC
1084,2025-04-15 15:18:22,25.26,77.27,BuildingA_Floor2,TypeB
1016,2025-04-12 15:01:21,26.29,51.39,BuildingB_Floor1,TypeB
1069,2025-04-13 21:15:31,19.1,68.15,BuildingA_Floor2,TypeC
1064,2025-04-12 22:40:33,21.33,73.9,BuildingA_Floor2,TypeB
1035,2025-04-14 15:07:17,33.63,31.98,BuildingA_Floor2,TypeB
1046,2025-04-14 07:48:36,33.62,36.88,BuildingB_Floor2,TypeC
1075,2025-04-12 04:37:21,17.58,69.52,BuildingA_Floor1,TypeC
1092,2025-04-13 06:39:42,32.99,45.42,BuildingA_Floor1,TypeC
1046,2025-04-12 09:26:21,25.77,75.32,BuildingB_Floor1,TypeA
1050,2025-04-15 18:59:45,28.59,70.55,BuildingB_Floor2,TypeC
1020,2025-04-14 05:53:59,34.08,61.45,BuildingB_Floor1,TypeB
1072,2025-04-15 19:43:50,28.91,78.89,BuildingA_Floor2,TypeC
1006,2025-04-12 14:12:58,27.88,51.11,BuildingB_Floor2,TypeC
1033,2025-04-14 21:47:21,24.05,44.4,BuildingB_Floor2,TypeC
1010,2025-04-15 17:52:35,28.96,77.23,BuildingB_Floor2,TypeA
1016,2025-04-15 01:43:21,28.3,78.99,BuildingA_Floor1,TypeA
1055,2025-04-11 05:46:50,33.82,68.14,BuildingA_Floor1,TypeB
1049,2025-04-11 10:01:06,19.69,74.59,BuildingB_Floor2,TypeB
1056,2025-04-11 13:49:58,21.06,38.8,BuildingA_Floor1,TypeA
1081,2025-04-15 01:04:59,29.32,35.74,BuildingB_Floor1,TypeC
1059,2025-04-14 10:19:10,18.06,53.1,BuildingA_Floor2,TypeB
1061,2025-04-15 10:27:29,24.26,44.53,BuildingB_Floor1,TypeA
1070,2025-04-14 04:02:09,34.3,73.52,BuildingB_Floor1,TypeA
1086,2025-04-14 10:31:10,22.48,33.67,BuildingB_Floor1,TypeA
1055,2025-04-12 20:21:07,27.72,66.93,BuildingA_Floor2,TypeA
1076,2025-04-12 07:22:32,33.56,48.04,BuildingA_Floor1,TypeA
1071,2025-04-14 09:26:14,34.66,68.67,BuildingA_Floor2,TypeB
1019,2025-04-15 16:56:36,33.08,67.51,BuildingB_Floor1,TypeA
1026,2025-04-11 18:56:41,18.94,55.67,BuildingA_Floor1,TypeA
1078,2025-04-12 22:24:25,29.69,75.46,BuildingB_Floor2,TypeA
1092,2025-04-12 16:11:09,24.8,37.76,BuildingB_Floor2,TypeC
1075,2025-04-11 15:13:58,31.33,30.69,BuildingA_Floor1,TypeB
1063,2025-04-13 05:41:48,29.8,66.53,BuildingB_Floor2,TypeC
1096,2025-04-11 00:13:58,29.38,53.36,BuildingB_Floor1,TypeB
1012,2025-04-15 04:26:50,30.45,36.97,BuildingB_Floor2,TypeB
1003,2025-04-14 22:06:48,23.24,61.24,BuildingB_Floor1,TypeA
1032,2025-04-12 06:12:08,31.5,76.86,BuildingA_Floor1,TypeB
1000,2025-04-13 08:46:19,30.43,48.03,BuildingA_Floor1,TypeB
1093,2025-04-15 13:23:47,24.33,65.57,BuildingA_Floor2,TypeA
1086,2025-04-15 20:30:05,25.65,68.59,BuildingB_Floor1,TypeC
1067,2025-04-13 16:52:37,34.24,62.6,BuildingB_Floor2,TypeC
1075,2025-04-11 14:04:30,15.95,75.84,BuildingA_Floor1,TypeC
1044,2025-04-15 06:22:13,19.26,75.81,BuildingA_Floor2,TypeA
1042,2025-04-11 02:38:39,23.77,33.38,BuildingB_Floor1,TypeC
1088,2025-04-13 12:44:02,17.28,57.57,BuildingB_Floor1,TypeB
1090,2025-04-11 19:57:10,16.3,61.35,BuildingA_Floor2,TypeA
1100,2025-04-12 23:17:38,34.75,74.92,BuildingB_Floor2,TypeA
1087,2025-04-11 14:30:49,18.55,78.86,BuildingB_Floor1,TypeC
1071,2025-04-13 05:12:53,23.21,61.71,BuildingB_Floor2,TypeA
1076,2025-04-12 10:57:09,34.68,59.11,BuildingB_Floor2,TypeB
1017,2025-04-12 00:43:17,20.55,47.08,BuildingB_Floor2,TypeA
1013,2025-04-11 13:21:08,15.2,57.51,BuildingB_Floor2,TypeC
1003,2025-04-14 02:27:01,20.03,73.45,BuildingB_Floor2,TypeB
1093,2025-04-13 10:34:54,19.64,45.48,BuildingB_Floor1,TypeA
1002,2025-04-13 08:40:08,25.5,39.58,BuildingB_Floor1,TypeB
1090,2025-04-14 11:07:44,19.15,62.95,BuildingA_Floor2,TypeA
1039,2025-04-11 22:14:45,17.92,76.7,BuildingA_Floor1,TypeB
1014,2025-04-13 16:26:26,22.6,67.49,BuildingB_Floor2,TypeA
1079,2025-04-12 19:07:55,23.24,60.52,BuildingA_Floor2,TypeB
1032,2025-04-11 20:32:05,17.59,66.94,BuildingB_Floor2,TypeB
1020,2025-04-12 10:35:56,33.13,72.99,BuildingB_Floor1,TypeB
1049,2025-04-15 18:52:46,34.87,42.64,BuildingA_Floor1,TypeC
1010,2025-04-11 23:54:50,30.63,41.61,BuildingB_Floor1,TypeA
1037,2025-04-15 12:43:26,25.1,74.15,BuildingB_Floor2,TypeB
1077,2025-04-13 08:42:07,15.26,38.67,BuildingB_Floor2,TypeC
1030,2025-04-13 17:09:38,25.4,40.13,BuildingB_Floor1,TypeB
1053,2025-04-12 02:56:25,29.43,46.78,BuildingA_Floor1,TypeC
1068,2025-04-12 19:47:44,28.83,73.12,BuildingB_Floor1,TypeA
1037,2025-04-13 20:28:40,33.85,39.12,BuildingA_Floor2,TypeB
1083,2025-04-15 19:24:22,19.99,66.1,BuildingA_Floor1,TypeA
1018,2025-04-14 10:02:01,29.03,31.25,BuildingA_Floor2,TypeC
1050,2025-04-14 03:18:37,17.48,71.79,BuildingB_Floor2,TypeA
1099,2025-04-15 17:36:24,16.24,32.5,BuildingB_Floor1,TypeA
1090,2025-04-15 14:28:25,21.49,44.11,BuildingA_Floor1,TypeA
1001,2025-04-13 19:14:51,26.88,72.11,BuildingB_Floor2,TypeA
1073,2025-04-12 14:21:13,24.9,32.71,BuildingA_Floor1,TypeA
1026,2025-04-13 12:09:35,19.14,65.95,BuildingB_Floor2,TypeA
1040,2025-04-14 23:48:24,19.47,35.96,BuildingA_Floor2,TypeB
1029,2025-04-13 12:51:59,28.46,78.98,BuildingB_Floor1,TypeB
1085,2025-04-11 19:52:55,34.63,72.94,BuildingA_Floor2,TypeC
1003,2025-04-12 15:08:11,29.51,54.53,BuildingB_Floor1,TypeC
1062,2025-04-14 10:11:23,24.56,49.0,BuildingB_Floor2,TypeC
1026,2025-04-15 23:22:53,23.99,61.99,BuildingA_Floor2,TypeA
1031,2025-04-15 04:26:07,17.04,58.47,BuildingB_Floor2,TypeB
1019,2025-04-12 12:56:41,20.85,55.64,BuildingB_Floor2,TypeC
1065,2025-04-14 14:35:28,21.6,39.41,BuildingA_Floor2,TypeB
1035,2025-04-15 01:28:20,29.12,66.89,BuildingB_Floor2,TypeC
1009,2025-04-14 01:02:50,15.06,76.53,BuildingB_Floor1,TypeB
1096,2025-04-13 02:43:23,22.85,43.03,BuildingB_Floor1,TypeB
1067,2025-04-14 08:45:09,16.4,36.45,BuildingB_Floor1,TypeC
1039,2025-04-15 13:42:29,26.5,74.79,BuildingB_Floor2,TypeA
1088,2025-04-11 08:42:54,16.53,43.51,BuildingB_Floor1,TypeB
1018,2025-04-15 03:57:13,34.93,42.76,BuildingA_Floor2,TypeC
1065,2025-04-12 12:40:38,27.98,61.08,BuildingA_Floor2,TypeB
1031,2025-04-12 18:14:21,21.07,79.01,BuildingB_Floor1,TypeA
1096,2025-04-11 19:11:56,29.65,62.62,BuildingA_Floor1,TypeB
1074,2025-04-14 20:57:37,33.28,63.08,BuildingA_Floor1,TypeA
1008,2025-04-13 02:37:03,23.23,31.12,BuildingA_Floor2,TypeA
1093,2025-04-12 15:56:41,27.45,60.89,BuildingA_Floor2,TypeC
1021,2025-04-11 02:49:38,22.55,78.13,BuildingB_Floor1,TypeC
1076,2025-04-11 20:12:45,33.08,45.5,BuildingA_Floor1,TypeA
1055,2025-04-13 00:30:11,31.47,44.22,BuildingA_Floor1,TypeA
1006,2025-04-11 05:47:58,17.66,44.24,BuildingA_Floor1,TypeB
1017,2025-04-11 14:05:25,21.34,62.13,BuildingA_Floor2,TypeB
1019,2025-04-12 03:21:28,25.58,59.03,BuildingB_Floor2,TypeB
1016,2025-04-14 01:25:05,24.62,51.8,BuildingA_Floor2,TypeA
1035,2025-04-11 22:52:34,17.93,74.14,BuildingB_Floor2,TypeB
1095,2025-04-13 00:39:20,21.7,67.87,BuildingB_Floor2,TypeA
1096,2025-04-11 20:51:29,21.63,35.94,BuildingB_Floor2,TypeA
1043,2025-04-12 17:31:10,20.98,45.66,BuildingB_Floor2,TypeA
1089,2025-04-15 17:44:16,16.0,67.4,BuildingB_Floor1,TypeA
1045,2025-04-12 20:24:01,16.14,73.14,BuildingB_Floor1,TypeA
1056,2025-04-13 21:40:54,23.37,72.73,BuildingB_Floor1,TypeB
1078,2025-04-15 19:04:59,30.36,64.91,BuildingA_Floor1,TypeB
1099,2025-04-13 10:35:47,24.32,63.92,BuildingA_Floor2,TypeA
1058,2025-04-12 21:31:02,21.44,57.11,BuildingB_Floor2,TypeC
1048,2025-04-12 09:05:53,22.06,71.13,BuildingB_Floor2,TypeC
1030,2025-04-15 04:42:12,22.55,69.07,BuildingB_Floor1,TypeB
1096,2025-04-13 22:30:47,33.78,40.03,BuildingB_Floor1,TypeA
1041,2025-04-11 04:33:07,21.97,75.59,BuildingB_Floor1,TypeA
1035,2025-04-11 14:04:05,17.21,36.44,BuildingA_Floor1,TypeA
1084,2025-04-14 01:19:55,24.64,59.04,BuildingB_Floor2,TypeA
1026,2025-04-11 22:20:05,32.63,33.52,BuildingB_Floor1,TypeB
1031,2025-04-15 10:13:10,18.61,60.2,BuildingB_Floor1,TypeB
1034,2025-04-14 09:31:04,15.48,64.54,BuildingA_Floor2,TypeB
1061,2025-04-11 13:16:34,24.34,43.66,BuildingB_Floor2,TypeA
1068,2025-04-15 12:29:40,16.36,41.91,BuildingB_Floor1,TypeB
1000,2025-04-13 06:21:58,33.91,59.22,BuildingB_Floor2,TypeA
1031,2025-04-12 03:39:15,20.89,36.65,BuildingA_Floor1,TypeB
1087,2025-04-15 04:11:53,15.04,64.63,BuildingB_Floor2,TypeB
1060,2025-04-12 04:57:19,34.0,61.65,BuildingA_Floor2,TypeB
1001,2025-04-14 20:21:24,19.97,44.9,BuildingA_Floor1,TypeB
1071,2025-04-11 12:38:44,28.34,77.25,BuildingA_Floor1,TypeA
1014,2025-04-13 17:09:45,16.39,62.02,BuildingB_Floor1,TypeC
1072,2025-04-13 07:33:23,23.66,46.79,BuildingB_Floor2,TypeA
1061,2025-04-12 18:01:39,29.52,34.91,BuildingA_Floor1,TypeA
1013,2025-04-12 00:56:02,25.23,77.03,BuildingA_Floor2,TypeB
1077,2025-04-14 18:49:58,23.29,51.41,BuildingA_Floor1,TypeC
1024,2025-04-11 16:01:46,23.17,69.86,BuildingA_Floor1,TypeB
1034,2025-04-14 16:18:23,34.75,43.67,BuildingA_Floor1,TypeA
1042,2025-04-15 02:10:02,30.74,51.4,BuildingB_Floor1,TypeB
1028,2025-04-11 23:43:51,17.33,49.75,BuildingB_Floor2,TypeB
1070,2025-04-15 18:39:03,17.61,53.96,BuildingB_Floor2,TypeB
1095,2025-04-12 13:06:40,34.15,65.71,BuildingB_Floor1,TypeC
1036,2025-04-14 06:23:24,24.16,55.09,BuildingA_Floor1,TypeB
1072,2025-04-12 08:17:11,34.11,59.1,BuildingB_Floor1,TypeA
1002,2025-04-11 00:10:50,34.97,65.19,BuildingB_Floor1,TypeA
1080,2025-04-14 05:34:58,33.63,61.56,BuildingB_Floor1,TypeA
1005,2025-04-12 11:53:51,34.8,57.49,BuildingA_Floor2,TypeB
1044,2025-04-11 16:53:23,23.8,40.65,BuildingB_Floor2,TypeC
1023,2025-04-13 03:02:42,19.64,75.67,BuildingB_Floor2,TypeA
1092,2025-04-14 09:23:26,23.63,77.61,BuildingA_Floor1,TypeC
1072,2025-04-15 10:21:08,21.49,44.36,BuildingA_Floor1,TypeA
1026,2025-04-11 23:47:26,17.89,66.18,BuildingB_Floor2,TypeC
1076,2025-04-11 18:10:36,16.12,69.99,BuildingB_Floor2,TypeA
1066,2025-04-15 14:53:07,31.62,42.84,BuildingA_Floor1,TypeC
1004,2025-04-14 15:28:03,17.38,59.86,BuildingA_Floor2,TypeA
1073,2025-04-14 11:00:31,25.25,55.06,BuildingA_Floor2,TypeB
1095,2025-04-14 15:47:29,32.39,63.86,BuildingA_Floor1,TypeA
1089,2025-04-11 09:39:15,17.21,40.69,BuildingB_Floor1,TypeB
1044,2025-04-13 22:29:58,26.03,58.52,BuildingA_Floor2,TypeA
1089,2025-04-13 06:48:47,20.06,59.92,BuildingA_Floor1,TypeA
1008,2025-04-13 14:08:06,16.71,37.79,BuildingB_Floor2,TypeB
1004,2025-04-13 13:54:47,15.16,62.2,BuildingB_Floor1,TypeC
1044,2025-04-13 09:52:04,28.84,66.5,BuildingB_Floor1,TypeC
1028,2025-04-12 20:20:19,21.35,30.4,BuildingA_Floor1,TypeA
1073,2025-04-11 13:40:02,23.42,48.77,BuildingB_Floor2,TypeB
1003,2025-04-13 09:42:11,17.77,39.14,BuildingB_Floor2,TypeC
1001,2025-04-13 10:48:35,28.63,35.12,BuildingB_Floor2,TypeC
1000,2025-04-15 10:35:16,23.41,56.39,BuildingB_Floor1,TypeA
1019,2025-04-13 14:19:38,33.72,54.46,BuildingA_Floor1,TypeA
1038,2025-04-11 06:23:22,18.91,63.25,BuildingA_Floor2,TypeC
1027,2025-04-13 13:52:19,28.82,42.11,BuildingB_Floor1,TypeC
1026,2025-04-14 19:28:00,29.04,76.15,BuildingA_Floor2,TypeA
1100,2025-04-12 10:50:49,30.25,49.2,BuildingA_Floor2,TypeA
1039,2025-04-13 15:05:29,29.84,55.55,BuildingA_Floor1,TypeC
1099,2025-04-14 13:03:59,28.95,42.51,BuildingB_Floor1,TypeB
1094,2025-04-11 02:42:13,16.73,74.42,BuildingB_Floor1,TypeB
1028,2025-04-14 05:00:32,18.81,53.14,BuildingB_Floor2,TypeB
1046,2025-04-15 14:50:56,27.05,75.17,BuildingA_Floor2,TypeA
1096,2025-04-11 01:51:50,20.89,43.99,BuildingA_Floor2,TypeB
1000,2025-04-15 15:16:27,19.58,33.99,BuildingB_Floor1,TypeB
1091,2025-04-11 11:36:56,20.23,46.03,BuildingB_Floor2,TypeB
1080,2025-04-11 18:54:22,20.47,78.75,BuildingA_Floor2,TypeC
1063,2025-04-15 10:52:33,23.33,60.04,BuildingA_Floor2,TypeA
1099,2025-04-15 17:39:11,34.34,32.86,BuildingB_Floor1,TypeA
1048,2025-04-15 22:00:11,28.14,32.93,BuildingA_Floor2,TypeB
1052,2025-04-11 01:27:54,30.74,47.11,BuildingB_Floor1,TypeA
1097,2025-04-11 13:04:34,15.31,34.03,BuildingA_Floor1,TypeA
1031,2025-04-14 16:13:31,26.9,39.43,BuildingB_Floor2,TypeC
1059,2025-04-12 08:03:50,34.77,52.27,BuildingA_Floor2,TypeB
1024,2025-04-13 02:40:52,18.16,62.4,BuildingB_Floor2,TypeA
1016,2025-04-12 03:12:10,31.65,33.57,BuildingB_Floor2,TypeC
1021,2025-04-13 11:42:20,23.82,51.8,BuildingA_Floor1,TypeC
1020,2025-04-12 12:21:12,18.88,57.92,BuildingA_Floor2,TypeA
1021,2025-04-14 18:58:16,15.72,67.35,BuildingB_Floor1,TypeA
1089,2025-04-11 11:22:52,33.26,42.97,BuildingB_Floor1,TypeC
1040,2025-04-13 21:58:03,21.27,79.19,BuildingA_Floor2,TypeB
1064,2025-04-14 17:02:18,27.44,33.25,BuildingB_Floor1,TypeC
1011,2025-04-14 00:54:24,34.33,46.34,BuildingB_Floor2,TypeB
1041,2025-04-13 03:23:11,16.55,73.08,BuildingB_Floor2,TypeB
1019,2025-04-14 06:57:27,29.86,58.4,BuildingA_Floor2,TypeC
1026,2025-04-11 22:41:10,22.89,79.34,BuildingA_Floor2,TypeB
1031,2025-04-12 23:26:32,16.31,48.01,BuildingA_Floor2,TypeA
1076,2025-04-14 11:20:43,28.62,55.01,BuildingB_Floor2,TypeC
1084,2025-04-14 19:17:13,25.01,61.05,BuildingA_Floor2,TypeB
1007,2025-04-11 07:15:21,18.21,38.69,BuildingB_Floor1,TypeB
1096,2025-04-12 12:05:49,31.93,43.64,BuildingA_Floor1,TypeC
1037,2025-04-12 10:52:30,31.61,79.11,BuildingA_Floor1,TypeC
1029,2025-04-14 08:43:08,16.65,74.03,BuildingB_Floor2,TypeC
1041,2025-04-13 01:11:19,33.99,77.45,BuildingB_Floor2,TypeC
1055,2025-04-11 00:31:43,17.64,52.78,BuildingB_Floor2,TypeA
1044,2025-04-14 22:39:21,21.31,47.04,BuildingB_Floor2,TypeA
1009,2025-04-12 03:18:24,34.77,68.93,BuildingB_Floor2,TypeB
1014,2025-04-12 17:17:23,24.98,57.93,BuildingA_Floor1,TypeA
1078,2025-04-15 05:24:18,32.34,54.77,BuildingB_Floor1,TypeC
1008,2025-04-13 14:58:08,21.4,51.33,BuildingA_Floor2,TypeA
1052,2025-04-11 17:15:27,20.14,30.46,BuildingA_Floor2,TypeC
1069,2025-04-15 14:12:16,26.05,71.27,BuildingA_Floor1,TypeC
1066,2025-04-11 09:13:10,34.66,59.0,BuildingA_Floor2,TypeB
1048,2025-04-11 12:47:23,22.19,59.81,BuildingB_Floor2,TypeB
1000,2025-04-11 17:38:03,25.69,63.28,BuildingB_Floor2,TypeC
1045,2025-04-11 03:26:33,25.95,38.46,BuildingB_Floor2,TypeA
1078,2025-04-14 03:13:24,33.77,31.91,BuildingB_Floor1,TypeC
1086,2025-04-12 01:34:51,20.75,37.49,BuildingA_Floor2,TypeC
1068,2025-04-14 22:38:31,15.05,67.4,BuildingB_Floor2,TypeA
1004,2025-04-11 04:58:39,25.91,45.23,BuildingA_Floor2,TypeC
1024,2025-04-14 11:34:14,25.85,40.44,BuildingA_Floor1,TypeC
1005,2025-04-13 18:13:14,30.76,75.36,BuildingA_Floor2,TypeC
1097,2025-04-13 04:32:18,20.01,64.47,BuildingB_Floor1,TypeC
1079,2025-04-11 10:31:25,16.82,57.32,BuildingA_Floor2,TypeC
1100,2025-04-11 14:32:28,18.66,63.32,BuildingB_Floor2,TypeA
1033,2025-04-11 02:54:25,19.57,30.72,BuildingA_Floor1,TypeA
1030,2025-04-15 10:54:22,33.03,62.75,BuildingA_Floor1,TypeC
1092,2025-04-14 10:40:16,20.52,38.51,BuildingA_Floor1,TypeC
1003,2025-04-12 21:45:24,25.05,34.35,BuildingA_Floor2,TypeA
1066,2025-04-15 06:37:10,22.4,34.21,BuildingA_Floor2,TypeA
1086,2025-04-11 06:40:46,19.24,55.86,BuildingB_Floor1,TypeB
1088,2025-04-14 23:40:46,27.87,66.79,BuildingA_Floor2,TypeA
1031,2025-04-14 22:40:36,26.48,50.27,BuildingB_Floor2,TypeA
1008,2025-04-14 15:55:04,23.47,57.37,BuildingA_Floor1,TypeB
1059,2025-04-14 00:06:51,20.66,35.54,BuildingA_Floor1,TypeA
1002,2025-04-11 19:27:16,15.62,61.16,BuildingA_Floor2,TypeC
1051,2025-04-13 11:05:06,29.53,38.91,BuildingA_Floor2,TypeA
1088,2025-04-13 09:36:49,28.3,46.37,BuildingB_Floor1,TypeA
1079,2025-04-14 07:50:56,32.42,50.8,BuildingB_Floor1,TypeB
1040,2025-04-15 23:18:19,16.59,42.82,BuildingA_Floor1,TypeC
1003,2025-04-13 03:36:34,16.66,63.19,BuildingB_Floor1,TypeA
1018,2025-04-11 08:38:47,16.41,71.52,BuildingB_Floor1,TypeB
1066,2025-04-13 07:09:02,26.07,58.94,BuildingA_Floor2,TypeB
1053,2025-04-12 17:10:00,21.44,70.23,BuildingA_Floor2,TypeB
1071,2025-04-15 15:49:56,22.72,72.74,BuildingA_Floor2,TypeC
1035,2025-04-11 14:47:03,31.97,76.58,BuildingA_Floor1,TypeA
1004,2025-04-12 10:31:34,20.21,66.34,BuildingA_Floor1,TypeC
1072,2025-04-14 10:47:38,18.91,75.98,BuildingB_Floor2,TypeB
1018,2025-04-12 18:20:19,23.99,49.81,BuildingA_Floor1,TypeC
1094,2025-04-13 07:38:59,21.57,64.27,BuildingB_Floor1,TypeC
1039,2025-04-14 22:13:31,27.37,51.49,BuildingA_Floor1,TypeB
1021,2025-04-13 23:21:13,17.91,78.87,BuildingA_Floor2,TypeC
1015,2025-04-15 08:05:05,19.47,76.56,BuildingA_Floor1,TypeB
1086,2025-04-13 09:00:11,31.46,73.95,BuildingB_Floor2,TypeB
1030,2025-04-11 17:40:16,23.36,63.91,BuildingA_Floor2,TypeB
1016,2025-04-15 05:31:59,33.18,67.15,BuildingA_Floor2,TypeA
1008,2025-04-15 04:28:33,15.75,59.71,BuildingB_Floor1,TypeA
1087,2025-04-11 04:25:55,19.35,72.97,BuildingB_Floor2,TypeA
1080,2025-04-14 03:19:04,33.92,77.72,BuildingB_Floor1,TypeC
1064,2025-04-11 10:21:34,21.75,76.54,BuildingA_Floor1,TypeB
1028,2025-04-12 00:15:05,27.8,68.84,BuildingA_Floor2,TypeC
1009,2025-04-11 08:16:47,28.05,79.18,BuildingA_Floor2,TypeC
1071,2025-04-14 21:28:58,29.19,42.69,BuildingA_Floor2,TypeB
1068,2025-04-11 14:32:31,33.33,40.99,BuildingA_Floor2,TypeB
1047,2025-04-12 11:36:12,28.15,35.18,BuildingB_Floor1,TypeA
1002,2025-04-12 19:59:36,19.08,41.78,BuildingB_Floor2,TypeA
1031,2025-04-12 21:45:40,28.15,58.35,BuildingB_Floor1,TypeC
1008,2025-04-12 07:56:23,26.45,30.37,BuildingA_Floor1,TypeB
1036,2025-04-13 04:33:02,31.0,35.61,BuildingA_Floor1,TypeA
1009,2025-04-11 22:58:38,18.27,66.38,BuildingA_Floor2,TypeA
1083,2025-04-12 12:41:16,19.9,74.77,BuildingA_Floor2,TypeB
1097,2025-04-11 06:24:12,17.11,70.19,BuildingA_Floor2,TypeC
1043,2025-04-15 18:55:45,27.47,65.92,BuildingB_Floor2,TypeB
1075,2025-04-11 20:07:14,32.72,39.52,BuildingA_Floor1,TypeC
1096,2025-04-13 17:53:07,19.14,33.01,BuildingA_Floor1,TypeA
1022,2025-04-13 20:22:11,21.75,62.73,BuildingA_Floor2,TypeA
1019,2025-04-15 20:56:02,32.95,33.61,BuildingB_Floor2,TypeA
1081,2025-04-14 22:09:15,32.89,38.94,BuildingB_Floor1,TypeB
1095,2025-04-13 07:32:04,33.3,54.92,BuildingB_Floor2,TypeC
1031,2025-04-15 07:34:02,29.08,43.17,BuildingB_Floor1,TypeC
1008,2025-04-12 06:42:18,15.72,57.88,BuildingA_Floor2,TypeA
1000,2025-04-11 00:50:54,17.38,32.93,BuildingB_Floor2,TypeA
1096,2025-04-12 13:01:48,32.17,37.51,BuildingB_Floor1,TypeB
1031,2025-04-11 20:16:38,15.19,55.63,BuildingB_Floor1,TypeC
1017,2025-04-11 13:26:37,27.44,52.44,BuildingA_Floor1,TypeA
1052,2025-04-13 20:25:12,33.68,54.14,BuildingB_Floor2,TypeB
1087,2025-04-15 12:13:44,31.7,75.6,BuildingB_Floor2,TypeC
1081,2025-04-15 09:08:15,34.21,40.64,BuildingB_Floor1,TypeA
1038,2025-04-13 16:28:17,28.65,42.47,BuildingB_Floor1,TypeC
1070,2025-04-11 22:32:07,24.02,63.76,BuildingB_Floor1,TypeC
1065,2025-04-11 12:48:14,17.77,68.58,BuildingB_Floor2,TypeC
1079,2025-04-14 06:07:15,28.68,75.18,BuildingA_Floor1,TypeA
1045,2025-04-15 02:04:46,31.22,54.63,BuildingA_Floor1,TypeC
1085,2025-04-15 16:46:28,25.15,49.81,BuildingB_Floor1,TypeB
1029,2025-04-11 23:55:53,24.49,53.59,BuildingA_Floor1,TypeA
1006,2025-04-15 01:45:57,33.23,43.2,BuildingB_Floor2,TypeA
1028,2025-04-15 05:49:43,20.42,68.07,BuildingA_Floor2,TypeA
1024,2025-04-14 09:50:41,28.36,53.05,BuildingA_Floor2,TypeB
1051,2025-04-11 08:26:49,28.6,73.15,BuildingB_Floor1,TypeA
1014,2025-04-14 21:20:37,18.81,36.4,BuildingB_Floor2,TypeC
1081,2025-04-13 23:57:02,25.9,42.26,BuildingA_Floor1,TypeA
1047,2025-04-14 12:51:48,24.61,36.87,BuildingB_Floor1,TypeC
1027,2025-04-15 00:19:56,19.1,69.94,BuildingB_Floor1,TypeC
1002,2025-04-13 14:03:13,26.22,70.87,BuildingA_Floor2,TypeA
1083,2025-04-11 03:36:59,21.82,35.36,BuildingA_Floor2,TypeC
1026,2025-04-11 00:32:19,27.5,33.72,BuildingB_Floor2,TypeA
1015,2025-04-11 19:34:52,23.91,31.34,BuildingA_Floor1,TypeC
1069,2025-04-15 17:54:45,29.26,60.65,BuildingA_Floor2,TypeC
1023,2025-04-11 12:43:45,33.65,45.68,BuildingB_Floor2,TypeA
1002,2025-04-12 16:11:23,20.82,77.96,BuildingB_Floor2,TypeA
1090,2025-04-15 00:54:32,34.33,40.73,BuildingB_Floor1,TypeC
1014,2025-04-15 15:27:04,19.28,63.84,BuildingB_Floor2,TypeA
1086,2025-04-12 20:28:23,22.58,49.56,BuildingA_Floor2,TypeC
1060,2025-04-12 12:12:30,15.62,56.35,BuildingA_Floor2,TypeC
1076,2025-04-15 13:13:07,31.44,57.7,BuildingB_Floor1,TypeA
1089,2025-04-12 18:15:00,20.2,63.5,BuildingB_Floor2,TypeA
1071,2025-04-15 15:41:39,27.8,47.03,BuildingA_Floor1,TypeA
1066,2025-04-11 13:04:31,25.28,48.82,BuildingA_Floor2,TypeC
1068,2025-04-15 17:08:53,17.69,75.38,BuildingA_Floor2,TypeA
1004,2025-04-13 16:13:44,27.71,38.03,BuildingB_Floor1,TypeC
1088,2025-04-12 06:16:43,34.15,36.16,BuildingA_Floor2,TypeA
1048,2025-04-11 20:06:52,27.44,39.84,BuildingA_Floor2,TypeA
1009,2025-04-12 11:11:05,29.14,45.01,BuildingA_Floor2,TypeB
1062,2025-04-11 13:42:47,20.58,33.93,BuildingB_Floor1,TypeB
1004,2025-04-12 20:53:48,21.08,53.57,BuildingA_Floor2,TypeB
1096,2025-04-12 17:07:21,26.93,30.29,BuildingB_Floor2,TypeB
1078,2025-04-14 13:15:38,30.51,66.65,BuildingB_Floor1,TypeB
1085,2025-04-11 18:15:26,24.67,37.68,BuildingA_Floor1,TypeC
1077,2025-04-14 19:46:41,15.8,32.42,BuildingA_Floor2,TypeB
1000,2025-04-15 07:06:57,16.6,70.62,BuildingB_Floor2,TypeC
1089,2025-04-14 19:37:59,25.52,63.24,BuildingB_Floor1,TypeC
1061,2025-04-15 18:22:18,19.28,66.41,BuildingB_Floor2,TypeA
1033,2025-04-12 03:21:30,18.02,79.35,BuildingB_Floor1,TypeC
1019,2025-04-14 23:49:13,17.2,34.24,BuildingB_Floor1,TypeC
1040,2025-04-12 07:30:28,33.19,57.4,BuildingA_Floor2,TypeA
1030,2025-04-14 19:57:54,27.59,63.64,BuildingA_Floor2,TypeA
1071,2025-04-11 00:22:50,25.25,78.77,BuildingB_Floor2,TypeB
1083,2025-04-15 12:40:17,29.66,48.96,BuildingA_Floor1,TypeC
1069,2025-04-15 17:44:39,19.96,50.25,BuildingA_Floor2,TypeA
1099,2025-04-11 00:24:00,30.12,30.07,BuildingA_Floor2,TypeA
1035,2025-04-11 13:29:24,23.47,43.02,BuildingA_Floor1,TypeA
1082,2025-04-14 21:08:17,21.22,63.58,BuildingA_Floor2,TypeB
1042,2025-04-13 22:07:12,27.2,38.07,BuildingB_Floor2,TypeC
1064,2025-04-13 02:50:43,25.79,76.06,BuildingB_Floor2,TypeA
1081,2025-04-11 00:19:15,22.45,73.04,BuildingA_Floor2,TypeB
1099,2025-04-15 14:28:59,34.99,43.43,BuildingB_Floor1,TypeC
1099,2025-04-12 11:26:27,32.45,56.97,BuildingB_Floor1,TypeB
1068,2025-04-14 06:19:03,29.98,35.91,BuildingA_Floor1,TypeC
1099,2025-04-13 11:33:57,26.97,39.29,BuildingA_Floor1,TypeA
1004,2025-04-15 16:04:04,19.2,71.02,BuildingA_Floor2,TypeC
1044,2025-04-11 18:54:13,27.61,61.72,BuildingB_Floor2,TypeC
1039,2025-04-12 03:48:12,30.4,37.99,BuildingB_Floor2,TypeB
1080,2025-04-12 05:36:59,21.42,50.35,BuildingB_Floor1,TypeB
1058,2025-04-14 02:54:50,20.44,70.16,BuildingA_Floor1,TypeC
1067,2025-04-12 09:24:50,25.79,31.06,BuildingB_Floor2,TypeC
1099,2025-04-13 17:50:42,32.56,67.91,BuildingB_Floor2,TypeC
1076,2025-04-14 15:58:45,30.31,51.26,BuildingB_Floor1,TypeB
1057,2025-04-11 14:43:26,18.69,64.79,BuildingA_Floor1,TypeA
1072,2025-04-11 02:55:33,19.58,46.99,BuildingA_Floor2,TypeB
1031,2025-04-15 13:15:29,32.77,48.38,BuildingB_Floor1,TypeC
1041,2025-04-14 00:46:53,21.16,69.8,BuildingB_Floor1,TypeB
1031,2025-04-13 08:50:13,24.98,33.62,BuildingB_Floor1,TypeA
1077,2025-04-14 15:19:49,16.82,51.59,BuildingB_Floor2,TypeA
1091,2025-04-15 10:50:19,30.28,64.18,BuildingB_Floor1,TypeA
1000,2025-04-14 16:31:49,26.67,33.35,BuildingA_Floor1,TypeB
1042,2025-04-12 15:23:44,17.67,51.75,BuildingA_Floor1,TypeB
1097,2025-04-15 10:51:55,34.41,40.59,BuildingB_Floor2,TypeA
1011,2025-04-14 21:57:40,22.53,78.14,BuildingA_Floor1,TypeB
1006,2025-04-11 00:52:04,16.71,66.84,BuildingA_Floor1,TypeC
1050,2025-04-11 02:25:28,21.63,50.32,BuildingA_Floor1,TypeA
1071,2025-04-12 06:29:21,26.99,55.89,BuildingA_Floor2,TypeA
1017,2025-04-13 23:27:22,33.24,53.44,BuildingB_Floor2,TypeA
1028,2025-04-15 15:28:20,24.01,71.68,BuildingB_Floor1,TypeB
1089,2025-04-12 07:49:53,24.45,59.24,BuildingA_Floor2,TypeC
1074,2025-04-15 00:28:02,27.91,67.71,BuildingA_Floor1,TypeB
1009,2025-04-14 21:04:30,27.94,70.75,BuildingB_Floor1,TypeA
1064,2025-04-12 23:08:02,28.48,54.76,BuildingA_Floor1,TypeA
1079,2025-04-11 15:10:39,29.1,50.02,BuildingA_Floor2,TypeB
1063,2025-04-12 22:37:59,29.06,62.34,BuildingA_Floor1,TypeB
1034,2025-04-13 14:37:19,24.04,33.96,BuildingB_Floor1,TypeA
1073,2025-04-14 18:02:19,25.4,68.59,BuildingA_Floor1,TypeA
1083,2025-04-11 15:34:22,32.45,67.1,BuildingA_Floor1,TypeA
1038,2025-04-12 07:52:47,19.38,48.9,BuildingA_Floor1,TypeB
1064,2025-04-13 07:26:02,20.23,52.79,BuildingA_Floor1,TypeB
1075,2025-04-12 08:55:46,22.73,40.83,BuildingB_Floor2,TypeB
1005,2025-04-11 11:33:05,31.39,67.72,BuildingB_Floor1,TypeA
1005,2025-04-14 12:49:04,31.58,54.37,BuildingA_Floor2,TypeB
1050,2025-04-14 02:08:28,16.08,45.81,BuildingA_Floor2,TypeB
1098,2025-04-14 22:19:58,16.68,54.09,BuildingB_Floor1,TypeC
1004,2025-04-14 01:28:24,24.6,62.89,BuildingB_Floor1,TypeA
1079,2025-04-15 04:55:43,16.64,79.59,BuildingA_Floor1,TypeA
1087,2025-04-11 05:08:13,15.6,72.91,BuildingB_Floor1,TypeA
1021,2025-04-11 04:56:11,23.09,41.23,BuildingB_Floor2,TypeA
1089,2025-04-15 14:38:22,16.52,43.68,BuildingB_Floor1,TypeB
1033,2025-04-12 11:06:41,33.18,34.9,BuildingB_Floor1,TypeC
1029,2025-04-11 16:29:40,20.12,47.89,BuildingA_Floor2,TypeC
1028,2025-04-15 08:12:25,27.94,41.19,BuildingB_Floor1,TypeB
1010,2025-04-15 06:59:55,16.45,73.41,BuildingB_Floor1,TypeA
1045,2025-04-14 14:49:27,21.65,70.85,BuildingA_Floor1,TypeC
1094,2025-04-15 20:26:19,17.28,33.73,BuildingA_Floor2,TypeB
1018,2025-04-14 14:19:52,17.3,44.94,BuildingB_Floor1,TypeB
1060,2025-04-11 06:49:55,32.33,69.39,BuildingB_Floor2,TypeB
1006,2025-04-12 13:40:17,18.51,41.13,BuildingA_Floor2,TypeB
1024,2025-04-14 15:19:00,24.7,34.25,BuildingB_Floor1,TypeC
1065,2025-04-12 02:37:35,29.25,33.55,BuildingB_Floor1,TypeB
1018,2025-04-13 08:40:17,22.94,74.01,BuildingB_Floor1,TypeB
1057,2025-04-14 18:42:00,30.61,79.27,BuildingA_Floor2,TypeC
1073,2025-04-12 17:04:28,20.1,39.15,BuildingB_Floor2,TypeA
1016,2025-04-14 02:02:56,32.0,72.14,BuildingB_Floor1,TypeC
1074,2025-04-12 09:34:02,28.08,36.1,BuildingB_Floor2,TypeC
1001,2025-04-12 06:36:26,18.41,55.49,BuildingA_Floor2,TypeA
1037,2025-04-14 09:23:27,15.32,32.31,BuildingA_Floor2,TypeC
1077,2025-04-15 00:11:27,20.82,64.71,BuildingB_Floor1,TypeB
1094,2025-04-15 23:11:53,23.55,57.11,BuildingA_Floor2,TypeC
1084,2025-04-15 11:56:50,23.0,36.11,BuildingB_Floor1,TypeC
1060,2025-04-15 05:59:21,19.02,60.75,BuildingA_Floor1,TypeB
1086,2025-04-14 02:04:49,30.25,34.33,BuildingA_Floor2,TypeA
1100,2025-04-12 21:15:26,17.37,60.86,BuildingB_Floor1,TypeA
1081,2025-04-11 05:59:06,34.69,68.4,BuildingB_Floor2,TypeB
1035,2025-04-11 21:15:53,29.98,53.06,BuildingB_Floor1,TypeC
1099,2025-04-11 17:05:27,23.62,39.33,BuildingB_Floor1,TypeC
1099,2025-04-14 01:25:25,18.46,41.22,BuildingA_Floor1,TypeC
1057,2025-04-14 03:00:56,19.07,32.23,BuildingA_Floor1,TypeA
1000,2025-04-11 08:52:52,18.75,56.6,BuildingB_Floor1,TypeC
1057,2025-04-14 05:04:11,23.9,53.74,BuildingA_Floor2,TypeC
1003,2025-04-15 11:40:12,15.43,63.61,BuildingB_Floor2,TypeC
1056,2025-04-15 07:21:39,28.37,52.5,BuildingA_Floor1,TypeA
1091,2025-04-12 08:24:22,31.7,38.74,BuildingB_Floor1,TypeA
1061,2025-04-11 17:45:47,23.8,73.92,BuildingB_Floor2,TypeC
1082,2025-04-14 11:59:59,33.68,64.48,BuildingA_Floor1,TypeC
1066,2025-04-14 21:58:34,19.87,53.49,BuildingA_Floor2,TypeC
1045,2025-04-12 05:32:23,24.56,30.42,BuildingA_Floor2,TypeB
1048,2025-04-13 15:57:28,26.12,43.36,BuildingB_Floor2,TypeA
1087,2025-04-11 14:56:13,34.48,64.75,BuildingA_Floor2,TypeB
1058,2025-04-12 15:08:50,33.02,46.16,BuildingA_Floor2,TypeB
1093,2025-04-12 20:35:12,31.21,37.21,BuildingA_Floor1,TypeB
1064,2025-04-14 08:52:58,28.32,76.98,BuildingB_Floor1,TypeC
1096,2025-04-12 10:11:33,23.5,63.84,BuildingA_Floor2,TypeA
1027,2025-04-13 06:10:51,29.87,45.03,BuildingB_Floor1,TypeB
1082,2025-04-15 04:03:00,20.65,77.07,BuildingA_Floor1,TypeC
1060,2025-04-12 01:38:51,32.21,40.61,BuildingB_Floor1,TypeC
1012,2025-04-15 00:27:18,30.27,77.84,BuildingA_Floor2,TypeB
1028,2025-04-14 16:55:53,29.84,63.99,BuildingB_Floor1,TypeC
1070,2025-04-15 20:52:01,24.0,60.47,BuildingA_Floor1,TypeC
1087,2025-04-14 13:16:27,30.21,34.7,BuildingA_Floor1,TypeC
1034,2025-04-11 02:27:22,19.36,41.28,BuildingB_Floor2,TypeB
1074,2025-04-14 23:41:37,16.84,50.98,BuildingA_Floor1,TypeB
1034,2025-04-11 01:49:55,34.22,56.48,BuildingA_Floor1,TypeC
1054,2025-04-15 18:40:57,29.91,38.94,BuildingA_Floor2,TypeB
1089,2025-04-13 13:46:22,29.25,77.49,BuildingA_Floor2,TypeC
1035,2025-04-15 04:28:35,34.17,63.56,BuildingB_Floor1,TypeA
1027,2025-04-12 19:44:00,17.37,79.37,BuildingB_Floor1,TypeA
1052,2025-04-13 19:19:01,34.48,32.27,BuildingB_Floor1,TypeB
1065,2025-04-13 05:59:06,28.64,70.88,BuildingA_Floor2,TypeA
1100,2025-04-12 04:45:14,29.66,69.3,BuildingB_Floor1,TypeB
1004,2025-04-13 20:22:32,18.61,50.02,BuildingB_Floor2,TypeB
1003,2025-04-12 19:34:06,15.19,55.31,BuildingA_Floor2,TypeC
1068,2025-04-14 09:16:22,23.3,38.58,BuildingA_Floor1,TypeA
1097,2025-04-14 17:05:20,19.22,41.96,BuildingA_Floor2,TypeC
1057,2025-04-14 12:40:23,25.83,49.35,BuildingA_Floor2,TypeC
1003,2025-04-13 22:14:05,34.81,51.65,BuildingA_Floor1,TypeA
1031,2025-04-12 13:31:03,18.06,44.3,BuildingA_Floor1,TypeA
1064,2025-04-12 03:13:56,31.36,51.67,BuildingB_Floor1,TypeB
1023,2025-04-14 09:04:22,33.33,70.57,BuildingA_Floor2,TypeA
1074,2025-04-11 07:21:30,24.96,54.04,BuildingB_Floor2,TypeB
1009,2025-04-11 10:39:16,29.66,65.48,BuildingA_Floor1,TypeA
1022,2025-04-11 11:28:38,25.35,79.56,BuildingA_Floor2,TypeA
1049,2025-04-15 23:56:28,16.51,32.16,BuildingA_Floor1,TypeB
1020,2025-04-11 08:46:59,32.61,59.49,BuildingB_Floor2,TypeA
1059,2025-04-15 03:55:51,30.19,59.44,BuildingB_Floor2,TypeB
1057,2025-04-11 14:38:01,29.44,79.64,BuildingA_Floor2,TypeA
1009,2025-04-14 01:47:06,31.62,76.76,BuildingB_Floor2,TypeC
1084,2025-04-14 08:56:27,31.45,69.37,BuildingB_Floor2,TypeA
1094,2025-04-15 00:42:22,32.33,47.85,BuildingA_Floor2,TypeA
1079,2025-04-15 04:26:18,15.67,49.99,BuildingA_Floor2,TypeC
1076,2025-04-14 10:48:32,21.6,32.64,BuildingB_Floor1,TypeB
1015,2025-04-12 02:19:36,21.48,78.97,BuildingA_Floor2,TypeA
1082,2025-04-13 08:48:12,16.17,43.22,BuildingA_Floor2,TypeB
1096,2025-04-14 03:56:08,22.82,49.02,BuildingB_Floor2,TypeC
1059,2025-04-12 10:58:48,21.18,58.65,BuildingB_Floor2,TypeC
1059,2025-04-12 19:32:09,28.21,43.66,BuildingB_Floor2,TypeB
1014,2025-04-12 08:58:09,30.93,77.1,BuildingB_Floor2,TypeC
1079,2025-04-15 04:40:54,16.83,60.88,BuildingA_Floor2,TypeC
1030,2025-04-15 02:02:48,18.73,62.99,BuildingB_Floor1,TypeC
1082,2025-04-12 07:35:57,24.51,38.5,BuildingA_Floor1,TypeA
1048,2025-04-15 23:25:50,33.18,79.72,BuildingA_Floor1,TypeA
1084,2025-04-11 05:08:06,23.55,57.66,BuildingA_Floor2,TypeB
1098,2025-04-14 01:30:12,26.63,42.29,BuildingB_Floor2,TypeA
1033,2025-04-15 13:04:42,19.03,38.43,BuildingA_Floor2,TypeB
1013,2025-04-14 11:10:47,25.14,62.58,BuildingA_Floor2,TypeA
1058,2025-04-13 07:10:37,17.77,41.7,BuildingA_Floor1,TypeA
1005,2025-04-11 10:17:04,27.14,69.35,BuildingA_Floor1,TypeA
1073,2025-04-14 09:43:21,18.66,79.28,BuildingB_Floor1,TypeA
1063,2025-04-12 18:04:23,33.0,63.78,BuildingA_Floor2,TypeB
1061,2025-04-11 00:13:23,31.91,57.93,BuildingB_Floor2,TypeB
1067,2025-04-13 21:41:49,31.5,57.54,BuildingA_Floor1,TypeB
1023,2025-04-11 17:57:09,21.85,50.57,BuildingB_Floor1,TypeC
1005,2025-04-14 13:45:20,34.07,44.1,BuildingB_Floor1,TypeB
1066,2025-04-15 18:57:24,28.04,67.46,BuildingB_Floor2,TypeC
1072,2025-04-15 02:05:17,17.17,47.54,BuildingB_Floor1,TypeA
1083,2025-04-14 13:35:07,33.82,54.39,BuildingB_Floor2,TypeA
1032,2025-04-12 13:05:26,17.72,30.94,BuildingA_Floor2,TypeA
1005,2025-04-11 15:15:21,18.96,55.11,BuildingB_Floor1,TypeA
1073,2025-04-14 23:15:50,25.81,42.78,BuildingA_Floor1,TypeA
1050,2025-04-15 16:01:25,15.57,59.65,BuildingB_Floor1,TypeB
1055,2025-04-13 16:51:46,24.32,70.1,BuildingA_Floor2,TypeB
1098,2025-04-14 02:59:07,22.39,65.5,BuildingB_Floor2,TypeC
1077,2025-04-11 02:09:38,29.7,58.74,BuildingB_Floor2,TypeC
1099,2025-04-14 02:11:44,31.04,37.09,BuildingB_Floor2,TypeB
1024,2025-04-13 18:51:55,29.7,73.67,BuildingA_Floor2,TypeB
1022,2025-04-13 13:16:30,22.88,58.77,BuildingA_Floor2,TypeB
1004,2025-04-12 12:58:13,22.68,47.3,BuildingB_Floor2,TypeA
1026,2025-04-15 21:20:27,15.29,46.3,BuildingB_Floor2,TypeC
1029,2025-04-12 12:25:51,30.34,69.88,BuildingA_Floor1,TypeA
1097,2025-04-11 18:25:13,19.41,31.0,BuildingA_Floor1,TypeC
1020,2025-04-12 21:42:20,20.88,43.36,BuildingB_Floor2,TypeC
1015,2025-04-12 08:03:51,28.38,49.42,BuildingA_Floor2,TypeB
1092,2025-04-14 18:19:12,31.23,73.29,BuildingB_Floor1,TypeC
1045,2025-04-12 06:20:50,34.25,56.94,BuildingA_Floor2,TypeB
1072,2025-04-12 01:55:25,22.88,62.33,BuildingB_Floor1,TypeB
1093,2025-04-11 10:19:24,19.87,46.5,BuildingB_Floor1,TypeB
1018,2025-04-12 21:00:46,26.12,41.83,BuildingA_Floor2,TypeC
1064,2025-04-15 20:45:09,20.21,74.51,BuildingA_Floor2,TypeA
1009,2025-04-14 16:49:43,29.99,47.21,BuildingA_Floor1,TypeC
1003,2025-04-11 11:06:36,26.24,77.26,BuildingB_Floor1,TypeA
1060,2025-04-12 04:45:07,21.74,37.45,BuildingA_Floor1,TypeB
1018,2025-04-13 05:00:50,20.01,52.2,BuildingB_Floor1,TypeC
1073,2025-04-15 20:53:41,27.05,68.78,BuildingB_Floor1,TypeB
1074,2025-04-15 21:07:48,27.38,64.93,BuildingB_Floor2,TypeC
1039,2025-04-13 07:12:13,34.12,54.78,BuildingA_Floor2,TypeB
1002,2025-04-14 01:13:33,24.55,70.47,BuildingB_Floor2,TypeA
1073,2025-04-12 23:48:26,31.73,49.67,BuildingB_Floor2,TypeC
1051,2025-04-11 21:59:49,34.51,51.15,BuildingA_Floor2,TypeB
1098,2025-04-13 15:38:25,28.33,39.68,BuildingB_Floor1,TypeB
1038,2025-04-13 22:04:03,28.89,55.82,BuildingA_Floor1,TypeA
1048,2025-04-14 09:59:19,22.45,68.04,BuildingA_Floor1,TypeC
1070,2025-04-13 14:21:35,31.7,32.32,BuildingB_Floor1,TypeC
1028,2025-04-15 20:43:24,18.85,79.86,BuildingB_Floor1,TypeC
1028,2025-04-12 05:46:34,16.33,75.34,BuildingA_Floor1,TypeA
1083,2025-04-13 16:58:23,19.82,56.8,BuildingB_Floor1,TypeA
1069,2025-04-13 19:14:25,33.29,39.29,BuildingA_Floor1,TypeB
1075,2025-04-11 12:07:05,27.76,43.98,BuildingB_Floor1,TypeC
1066,2025-04-12 17:22:25,29.39,76.26,BuildingA_Floor2,TypeC
1051,2025-04-13 14:26:09,15.45,73.43,BuildingA_Floor2,TypeA
1083,2025-04-11 01:15:57,26.41,43.87,BuildingB_Floor2,TypeC
1060,2025-04-13 00:30:52,20.84,52.93,BuildingB_Floor1,TypeB
1067,2025-04-12 22:37:18,32.67,32.92,BuildingB_Floor1,TypeB
1069,2025-04-14 04:25:51,30.01,60.28,BuildingA_Floor2,TypeC
1079,2025-04-11 15:48:10,16.91,76.82,BuildingB_Floor2,TypeB
1090,2025-04-11 23:14:22,27.94,72.23,BuildingA_Floor2,TypeC
1070,2025-04-11 18:00:59,27.92,57.84,BuildingB_Floor2,TypeB
1028,2025-04-13 06:48:52,32.61,66.3,BuildingA_Floor2,TypeB
1025,2025-04-11 13:15:19,20.73,73.31,BuildingB_Floor1,TypeA
1081,2025-04-14 00:44:05,26.68,57.19,BuildingB_Floor1,TypeA
1061,2025-04-11 02:31:56,26.86,77.06,BuildingB_Floor2,TypeA
1095,2025-04-13 18:44:38,29.36,46.84,BuildingB_Floor2,TypeB
1008,2025-04-11 20:27:24,25.5,45.82,BuildingA_Floor1,TypeA
1032,2025-04-14 19:27:02,15.79,41.26,BuildingB_Floor1,TypeA
1078,2025-04-14 23:52:15,28.96,68.81,BuildingB_Floor2,TypeA
1059,2025-04-13 16:00:01,27.89,69.43,BuildingB_Floor2,TypeC
1037,2025-04-13 19:31:52,21.32,39.88,BuildingB_Floor2,TypeB
1081,2025-04-14 18:43:45,21.03,51.95,BuildingA_Floor1,TypeB
1070,2025-04-12 05:15:53,33.87,60.23,BuildingB_Floor2,TypeA
1004,2025-04-15 21:13:41,24.96,39.24,BuildingB_Floor1,TypeB
1037,2025-04-14 12:47:09,17.67,33.2,BuildingA_Floor1,TypeC
1086,2025-04-11 01:37:03,17.17,70.26,BuildingA_Floor2,TypeB
1010,2025-04-15 00:55:36,18.77,39.77,BuildingA_Floor2,TypeB
1024,2025-04-12 14:37:41,34.13,70.9,BuildingB_Floor1,TypeC
1047,2025-04-15 17:53:55,34.74,45.69,BuildingB_Floor1,TypeC
1083,2025-04-11 12:37:16,24.28,47.22,BuildingB_Floor1,TypeC
1059,2025-04-12 16:27:03,31.89,55.09,BuildingB_Floor1,TypeC
1098,2025-04-11 10:56:29,30.15,70.04,BuildingA_Floor1,TypeA
1020,2025-04-14 11:32:43,29.04,53.86,BuildingA_Floor1,TypeA
1060,2025-04-14 06:56:00,17.15,79.25,BuildingB_Floor1,TypeA
1074,2025-04-14 13:26:25,22.32,45.52,BuildingB_Floor1,TypeB
1043,2025-04-15 12:56:39,18.49,38.72,BuildingB_Floor2,TypeB
1011,2025-04-15 23:08:23,32.99,50.1,BuildingB_Floor2,TypeA
1011,2025-04-11 20:14:28,26.02,77.99,BuildingB_Floor1,TypeA
1041,2025-04-12 17:21:47,23.76,38.31,BuildingB_Floor2,TypeC
1027,2025-04-12 19:06:36,27.36,64.31,BuildingA_Floor1,TypeA
1047,2025-04-14 03:16:41,23.48,60.8,BuildingB_Floor1,TypeB
1044,2025-04-14 22:46:57,16.51,47.6,BuildingA_Floor2,TypeC
1018,2025-04-14 23:50:05,29.55,30.46,BuildingB_Floor2,TypeC
1024,2025-04-12 16:22:00,19.49,36.28,BuildingA_Floor2,TypeA
1093,2025-04-12 19:58:29,19.32,34.43,BuildingA_Floor1,TypeB
1030,2025-04-15 06:45:59,20.92,48.42,BuildingB_Floor1,TypeC
1026,2025-04-13 15:32:30,17.66,58.0,BuildingA_Floor1,TypeB
1045,2025-04-15 13:35:59,22.47,30.67,BuildingA_Floor1,TypeB
1061,2025-04-15 09:11:38,23.9,44.99,BuildingA_Floor2,TypeC
1070,2025-04-11 09:43:23,16.45,69.6,BuildingB_Floor1,TypeA
1002,2025-04-11 14:51:14,27.23,78.49,BuildingA_Floor2,TypeA
1039,2025-04-13 13:33:52,22.89,57.04,BuildingA_Floor2,TypeA
1069,2025-04-15 04:24:53,28.32,36.1,BuildingA_Floor2,TypeC
1028,2025-04-14 09:17:32,19.31,75.33,BuildingA_Floor1,TypeC
1039,2025-04-14 12:44:49,27.76,43.54,BuildingB_Floor1,TypeC
1055,2025-04-15 04:38:33,24.46,39.97,BuildingA_Floor2,TypeB
1034,2025-04-15 21:57:44,34.39,63.58,BuildingB_Floor1,TypeA
1053,2025-04-15 11:51:37,24.63,46.14,BuildingB_Floor1,TypeB
1036,2025-04-14 18:14:20,23.95,75.29,BuildingB_Floor2,TypeB
1014,2025-04-15 01:37:54,26.41,60.91,BuildingA_Floor2,TypeB
1090,2025-04-13 06:19:35,28.99,74.39,BuildingB_Floor2,TypeA
1030,2025-04-15 15:09:43,26.01,44.0,BuildingA_Floor2,TypeA
1047,2025-04-12 19:31:33,31.26,62.27,BuildingA_Floor1,TypeC
1000,2025-04-14 11:07:48,19.27,39.52,BuildingA_Floor2,TypeB
1019,2025-04-13 23:22:22,18.2,68.96,BuildingB_Floor1,TypeC
1099,2025-04-15 11:24:09,33.04,50.73,BuildingA_Floor1,TypeB
1016,2025-04-15 05:34:32,29.51,48.34,BuildingB_Floor2,TypeC
1008,2025-04-11 11:19:40,24.54,30.79,BuildingA_Floor1,TypeA
1044,2025-04-11 05:38:14,24.94,53.56,BuildingA_Floor2,TypeC
1021,2025-04-15 03:56:31,32.44,61.86,BuildingA_Floor1,TypeB
1016,2025-04-11 20:19:40,33.89,44.97,BuildingB_Floor1,TypeC
1077,2025-04-15 07:13:52,20.56,32.28,BuildingA_Floor2,TypeC
1047,2025-04-13 09:03:19,22.03,55.2,BuildingA_Floor1,TypeB
1065,2025-04-13 08:16:37,15.11,40.78,BuildingB_Floor1,TypeA
1046,2025-04-13 01:45:12,15.27,50.45,BuildingA_Floor1,TypeC
1061,2025-04-15 17:10:23,22.57,61.36,BuildingA_Floor1,TypeB
1047,2025-04-12 16:29:22,22.32,32.23,BuildingA_Floor2,TypeC
1049,2025-04-11 14:56:28,23.14,62.28,BuildingB_Floor1,TypeA
1090,2025-04-14 19:35:04,15.03,52.33,BuildingA_Floor1,TypeA
1026,2025-04-15 15:29:00,32.56,38.03,BuildingB_Floor2,TypeA
1084,2025-04-13 02:39:49,28.59,68.27,BuildingB_Floor2,TypeB
1075,2025-04-11 13:05:40,34.82,65.89,BuildingB_Floor2,TypeB
1002,2025-04-11 15:39:35,20.61,49.79,BuildingA_Floor2,TypeA
1003,2025-04-15 03:28:09,31.39,31.93,BuildingA_Floor1,TypeA
1086,2025-04-14 23:48:44,24.49,78.6,BuildingA_Floor1,TypeB
1039,2025-04-13 10:48:37,31.67,65.94,BuildingB_Floor1,TypeC
1016,2025-04-14 11:19:20,26.96,42.89,BuildingB_Floor2,TypeB
1033,2025-04-11 20:33:27,20.98,46.1,BuildingA_Floor2,TypeA
1002,2025-04-11 03:06:09,15.61,70.47,BuildingB_Floor1,TypeC
1038,2025-04-15 02:04:32,31.77,32.7,BuildingB_Floor2,TypeA
1082,2025-04-15 01:31:24,34.54,50.58,BuildingB_Floor1,TypeB
1100,2025-04-15 13:56:34,25.34,68.84,BuildingA_Floor2,TypeC
1033,2025-04-12 09:49:20,17.31,56.65,BuildingB_Floor1,TypeA
1071,2025-04-14 19:48:39,18.51,42.33,BuildingA_Floor2,TypeC
1029,2025-04-15 19:46:36,22.32,32.93,BuildingB_Floor1,TypeA
1040,2025-04-13 02:36:45,24.37,37.05,BuildingB_Floor2,TypeA
1072,2025-04-14 00:18:52,27.53,47.09,BuildingB_Floor2,TypeB
1063,2025-04-13 21:02:01,27.13,63.54,BuildingB_Floor1,TypeB
1058,2025-04-13 00:56:41,17.65,52.51,BuildingB_Floor2,TypeB
1035,2025-04-13 04:02:11,24.64,71.26,BuildingA_Floor2,TypeA
1056,2025-04-12 10:15:04,16.13,79.75,BuildingA_Floor1,TypeA
1004,2025-04-13 07:12:59,23.84,67.72,BuildingB_Floor1,TypeB
1061,2025-04-11 05:55:12,18.44,57.36,BuildingA_Floor1,TypeB
1067,2025-04-12 21:00:30,20.88,59.48,BuildingA_Floor1,TypeB
1042,2025-04-15 15:17:33,24.72,59.17,BuildingB_Floor1,TypeC
1087,2025-04-12 03:59:35,19.56,53.57,BuildingB_Floor2,TypeA
1022,2025-04-13 13:51:25,27.25,53.17,BuildingB_Floor2,TypeA
1046,2025-04-13 07:43:23,15.54,63.24,BuildingB_Floor1,TypeB
1039,2025-04-12 11:42:44,23.64,50.91,BuildingB_Floor2,TypeA
1097,2025-04-12 03:52:43,32.98,49.72,BuildingA_Floor2,TypeC
1000,2025-04-11 09:42:39,25.46,51.0,BuildingB_Floor1,TypeB
1015,2025-04-13 14:26:56,25.74,64.34,BuildingA_Floor2,TypeA
1021,2025-04-12 02:13:25,32.17,66.94,BuildingB_Floor1,TypeB
1074,2025-04-13 17:32:45,26.55,40.96,BuildingB_Floor1,TypeC
1066,2025-04-14 02:45:52,26.22,78.34,BuildingA_Floor1,TypeA
1099,2025-04-13 01:20:50,27.02,53.81,BuildingB_Floor1,TypeB
1057,2025-04-11 10:41:28,21.38,54.4,BuildingA_Floor1,TypeA
1082,2025-04-15 06:18:33,17.61,35.19,BuildingA_Floor1,TypeA
1035,2025-04-11 21:31:12,32.84,68.26,BuildingB_Floor1,TypeA
1022,2025-04-13 06:33:37,18.52,34.42,BuildingA_Floor1,TypeB
1050,2025-04-12 18:00:20,29.41,71.34,BuildingB_Floor1,TypeB
1056,2025-04-13 07:34:20,22.56,72.71,BuildingA_Floor2,TypeB
1003,2025-04-15 03:54:18,19.29,78.74,BuildingA_Floor1,TypeB
1069,2025-04-11 01:13:15,31.64,66.97,BuildingA_Floor2,TypeC
1088,2025-04-12 07:02:05,17.64,76.94,BuildingA_Floor2,TypeC
1048,2025-04-14 15:56:23,30.79,75.69,BuildingA_Floor2,TypeB
1054,2025-04-14 15:33:51,22.32,30.38,BuildingB_Floor2,TypeA
1057,2025-04-15 12:48:44,23.7,35.08,BuildingA_Floor1,TypeA
1059,2025-04-11 21:50:57,22.93,72.59,BuildingB_Floor2,TypeC
1021,2025-04-13 04:43:19,25.76,72.8,BuildingA_Floor2,TypeC
1092,2025-04-14 03:58:29,24.8,77.37,BuildingA_Floor2,TypeB
1022,2025-04-15 03:40:56,29.76,35.76,BuildingB_Floor1,TypeB
1010,2025-04-11 16:26:55,20.95,55.04,BuildingA_Floor1,TypeB
1013,2025-04-12 22:02:02,16.5,63.13,BuildingB_Floor1,TypeC
1068,2025-04-13 01:36:08,17.66,69.22,BuildingA_Floor2,TypeB
1070,2025-04-15 19:06:01,21.91,46.81,BuildingA_Floor2,TypeC
1067,2025-04-11 05:53:31,21.08,51.53,BuildingA_Floor2,TypeB
1030,2025-04-12 16:45:15,28.96,63.68,BuildingB_Floor2,TypeA
1069,2025-04-13 18:06:29,21.18,54.73,BuildingA_Floor2,TypeA
1056,2025-04-11 04:11:15,19.0,37.35,BuildingB_Floor1,TypeC
1087,2025-04-14 02:52:07,23.31,56.15,BuildingB_Floor1,TypeA
1081,2025-04-15 22:23:50,18.85,64.42,BuildingB_Floor1,TypeB
1068,2025-04-13 17:09:29,30.2,61.03,BuildingA_Floor1,TypeC
1066,2025-04-15 02:54:49,27.23,57.87,BuildingB_Floor1,TypeC
1084,2025-04-14 06:22:06,30.15,68.2,BuildingB_Floor1,TypeC
1016,2025-04-15 03:59:57,31.91,32.74,BuildingB_Floor2,TypeB
1053,2025-04-13 08:49:59,15.2,62.81,BuildingA_Floor2,TypeA
1081,2025-04-11 18:30:23,16.89,61.23,BuildingA_Floor1,TypeB
1043,2025-04-14 13:49:34,28.63,74.09,BuildingB_Floor1,TypeA
1046,2025-04-15 01:52:38,27.97,32.8,BuildingB_Floor1,TypeC
1033,2025-04-14 14:07:40,24.71,34.44,BuildingB_Floor2,TypeA
1039,2025-04-12 20:26:47,30.42,50.43,BuildingB_Floor2,TypeB
1073,2025-04-12 20:23:54,29.71,67.55,BuildingA_Floor2,TypeB
1064,2025-04-15 05:38:56,15.06,53.95,BuildingA_Floor1,TypeC
1025,2025-04-12 21:23:28,34.74,60.17,BuildingB_Floor1,TypeC
1018,2025-04-14 21:15:10,32.41,39.25,BuildingA_Floor1,TypeB
1053,2025-04-13 12:06:05,28.97,54.93,BuildingA_Floor1,TypeC
1037,2025-04-12 22:54:28,33.01,72.83,BuildingB_Floor1,TypeB
1043,2025-04-11 18:20:46,19.73,51.15,BuildingB_Floor2,TypeA
1053,2025-04-14 06:57:01,33.36,32.74,BuildingA_Floor1,TypeB
1083,2025-04-13 08:08:59,32.59,66.08,BuildingB_Floor1,TypeC
1006,2025-04-14 08:47:39,32.51,59.88,BuildingB_Floor2,TypeC
1039,2025-04-13 12:35:17,27.61,71.09,BuildingA_Floor2,TypeB
1092,2025-04-15 00:46:23,33.94,43.27,BuildingA_Floor1,TypeC
1070,2025-04-12 20:11:12,28.92,44.66,BuildingA_Floor1,TypeC
1010,2025-04-14 11:07:45,19.33,72.81,BuildingA_Floor2,TypeB
1036,2025-04-13 18:10:52,27.88,74.74,BuildingA_Floor1,TypeA
1030,2025-04-13 06:56:36,18.17,45.42,BuildingA_Floor1,TypeC
1002,2025-04-13 07:58:49,17.82,33.2,BuildingB_Floor1,TypeC
1091,2025-04-13 21:13:58,22.11,46.84,BuildingA_Floor2,TypeC
1051,2025-04-12 07:47:13,27.31,44.42,BuildingA_Floor2,TypeA
1056,2025-04-12 23:43:56,15.95,57.73,BuildingA_Floor2,TypeA
1012,2025-04-11 18:25:18,15.68,55.68,BuildingA_Floor2,TypeA
1015,2025-04-13 04:16:27,26.1,39.45,BuildingA_Floor1,TypeB
1013,2025-04-11 09:12:32,28.48,64.6,BuildingB_Floor2,TypeB
1094,2025-04-15 09:18:25,25.83,38.88,BuildingA_Floor2,TypeC
1077,2025-04-11 21:28:06,22.37,70.17,BuildingA_Floor2,TypeA
1064,2025-04-12 00:37:34,28.52,42.07,BuildingB_Floor2,TypeB
1099,2025-04-13 18:34:25,16.36,70.83,BuildingA_Floor1,TypeA
1088,2025-04-11 20:39:11,20.43,59.88,BuildingA_Floor1,TypeA
1011,2025-04-13 20:01:53,23.53,44.23,BuildingA_Floor2,TypeB
1034,2025-04-13 21:04:53,20.49,38.59,BuildingB_Floor2,TypeC
1014,2025-04-13 19:11:03,25.72,69.33,BuildingB_Floor1,TypeB
1002,2025-04-11 16:28:05,15.23,42.12,BuildingB_Floor1,TypeB
1095,2025-04-13 08:01:00,28.13,56.82,BuildingA_Floor1,TypeB
1087,2025-04-12 05:02:21,30.22,64.31,BuildingB_Floor1,TypeA
1077,2025-04-12 20:00:30,16.29,72.37,BuildingA_Floor1,TypeC
1056,2025-04-15 12:48:24,18.61,40.66,BuildingB_Floor2,TypeC
1049,2025-04-15 18:28:11,23.46,42.73,BuildingA_Floor2,TypeA
1022,2025-04-12 09:20:56,26.33,47.5,BuildingA_Floor2,TypeA
1022,2025-04-14 05:17:21,34.91,61.62,BuildingB_Floor1,TypeC
1071,2025-04-13 08:30:42,30.98,33.28,BuildingB_Floor1,TypeB
1061,2025-04-13 18:23:09,26.27,32.8,BuildingB_Floor1,TypeB
1054,2025-04-12 07:55:27,32.2,42.39,BuildingB_Floor2,TypeB
1025,2025-04-15 02:30:46,22.77,59.42,BuildingB_Floor1,TypeC
1047,2025-04-13 19:12:48,34.51,56.09,BuildingA_Floor2,TypeA
1001,2025-04-14 11:53:20,22.79,79.9,BuildingA_Floor2,TypeA
1066,2025-04-15 00:16:10,29.27,79.84,BuildingB_Floor1,TypeA
1013,2025-04-12 16:26:07,20.82,54.18,BuildingA_Floor2,TypeB
1083,2025-04-13 14:53:53,22.27,64.68,BuildingB_Floor1,TypeA
1092,2025-04-15 01:35:32,26.22,62.85,BuildingA_Floor2,TypeC
1009,2025-04-13 22:30:40,15.97,42.13,BuildingA_Floor2,TypeA
1062,2025-04-15 18:34:56,15.46,33.43,BuildingB_Floor2,TypeB
1036,2025-04-15 01:15:44,34.46,42.18,BuildingA_Floor1,TypeA
1044,2025-04-12 11:32:24,22.36,78.43,BuildingB_Floor1,TypeA
1041,2025-04-13 09:37:46,20.07,62.08,BuildingA_Floor2,TypeC
1039,2025-04-12 05:51:38,25.01,48.99,BuildingA_Floor1,TypeA
1020,2025-04-14 03:49:36,26.4,37.53,BuildingB_Floor2,TypeB
1077,2025-04-13 23:17:50,27.36,48.08,BuildingA_Floor1,TypeA
1059,2025-04-12 09:30:25,20.13,45.7,BuildingB_Floor2,TypeA
1023,2025-04-12 02:27:32,27.03,67.33,BuildingA_Floor1,TypeA
1062,2025-04-14 21:08:04,32.6,37.03,BuildingB_Floor2,TypeA
1100,2025-04-12 17:16:10,25.79,56.02,BuildingA_Floor2,TypeB
1065,2025-04-11 21:09:52,15.22,60.07,BuildingB_Floor2,TypeC
1046,2025-04-12 15:47:45,17.93,54.22,BuildingB_Floor2,TypeC
1003,2025-04-15 05:37:54,16.3,68.81,BuildingB_Floor1,TypeA
1000,2025-04-11 12:20:37,24.51,71.08,BuildingA_Floor2,TypeC
1097,2025-04-12 17:39:48,19.88,79.24,BuildingA_Floor2,TypeC
1010,2025-04-14 18:20:20,28.02,30.22,BuildingB_Floor2,TypeC
1084,2025-04-15 12:21:18,28.63,56.0,BuildingA_Floor1,TypeA
1033,2025-04-13 06:28:00,22.1,61.69,BuildingB_Floor2,TypeA
1020,2025-04-11 04:54:11,28.31,30.27,BuildingA_Floor2,TypeA
1099,2025-04-14 21:46:35,19.26,50.7,BuildingA_Floor1,TypeB
1077,2025-04-12 02:02:39,18.86,32.65,BuildingB_Floor2,TypeA
1018,2025-04-11 09:45:27,15.14,43.18,BuildingA_Floor2,TypeA
1018,2025-04-15 03:21:53,15.34,43.22,BuildingB_Floor2,TypeC
1065,2025-04-13 21:29:24,21.89,41.56,BuildingA_Floor1,TypeB
1065,2025-04-11 14:10:24,30.97,57.17,BuildingA_Floor2,TypeC
1066,2025-04-12 00:46:28,22.05,32.08,BuildingA_Floor1,TypeB
1074,2025-04-13 01:04:10,21.52,61.6,BuildingB_Floor2,TypeA
1066,2025-04-11 15:49:01,17.51,45.31,BuildingB_Floor1,TypeC
1002,2025-04-11 22:18:40,33.27,45.46,BuildingB_Floor2,TypeB
1059,2025-04-15 15:01:24,34.07,65.63,BuildingB_Floor2,TypeC
1009,2025-04-14 01:51:44,22.55,48.73,BuildingB_Floor1,TypeA
1083,2025-04-12 16:47:39,33.9,48.56,BuildingB_Floor2,TypeC
1063,2025-04-11 14:10:21,33.3,52.54,BuildingB_Floor2,TypeB
1031,2025-04-14 14:32:03,17.43,52.49,BuildingA_Floor1,TypeA
1074,2025-04-11 09:54:24,34.53,66.55,BuildingA_Floor2,TypeC
1065,2025-04-14 18:15:21,22.21,56.56,BuildingA_Floor1,TypeA
1000,2025-04-12 07:26:22,25.72,73.68,BuildingA_Floor1,TypeA
1020,2025-04-11 04:38:24,20.9,78.28,BuildingB_Floor1,TypeB
1090,2025-04-14 18:17:10,19.61,47.7,BuildingB_Floor2,TypeC
1003,2025-04-11 17:40:12,21.26,44.32,BuildingA_Floor1,TypeC
1100,2025-04-11 03:07:06,18.88,74.42,BuildingA_Floor1,TypeC
1023,2025-04-15 05:31:04,29.41,42.74,BuildingB_Floor2,TypeA
1079,2025-04-11 22:17:08,28.26,53.2,BuildingB_Floor1,TypeA
1015,2025-04-13 10:07:35,16.96,35.98,BuildingB_Floor2,TypeB
1032,2025-04-12 22:56:14,25.8,31.72,BuildingB_Floor2,TypeC
1093,2025-04-13 20:00:05,16.34,38.22,BuildingA_Floor1,TypeB
1056,2025-04-14 07:46:36,16.59,54.33,BuildingB_Floor2,TypeC
1091,2025-04-15 17:55:07,31.73,52.06,BuildingA_Floor1,TypeB
1011,2025-04-14 02:44:44,31.55,63.03,BuildingB_Floor1,TypeC
1052,2025-04-11 04:18:44,18.75,62.82,BuildingB_Floor2,TypeB
1018,2025-04-13 13:58:03,33.1,33.87,BuildingA_Floor1,TypeB
1024,2025-04-12 01:34:47,32.2,67.15,BuildingA_Floor2,TypeA
1098,2025-04-13 08:22:03,34.71,62.04,BuildingA_Floor2,TypeA
1031,2025-04-14 07:47:15,21.61,73.99,BuildingA_Floor2,TypeA
1041,2025-04-11 14:23:29,20.89,57.62,BuildingB_Floor1,TypeC
1091,2025-04-11 17:50:58,30.15,47.0,BuildingA_Floor1,TypeC
1097,2025-04-13 20:31:47,18.85,39.16,BuildingA_Floor2,TypeA
1041,2025-04-13 17:56:46,16.66,38.3,BuildingB_Floor1,TypeA
1036,2025-04-15 00:08:45,25.28,55.19,BuildingB_Floor2,TypeB
1100,2025-04-12 14:56:13,26.61,32.67,BuildingB_Floor1,TypeC
1054,2025-04-14 00:06:52,19.67,79.02,BuildingA_Floor1,TypeC
1060,2025-04-11 03:05:48,31.79,43.67,BuildingB_Floor1,TypeC
1039,2025-04-14 13:36:16,33.56,40.94,BuildingB_Floor2,TypeB
1096,2025-04-12 04:44:15,34.06,30.8,BuildingB_Floor1,TypeB
1017,2025-04-11 23:29:28,21.27,37.39,BuildingA_Floor1,TypeB
1058,2025-04-15 10:51:37,20.46,69.48,BuildingB_Floor2,TypeC
1038,2025-04-12 05:35:07,27.9,50.48,BuildingB_Floor1,TypeA
1014,2025-04-13 22:16:14,20.07,36.11,BuildingB_Floor1,TypeA
1014,2025-04-12 07:27:10,34.94,60.9,BuildingA_Floor2,TypeA
1028,2025-04-14 18:47:57,29.62,42.66,BuildingB_Floor1,TypeB
1018,2025-04-13 13:19:52,19.17,57.65,BuildingA_Floor2,TypeA
1029,2025-04-13 09:57:04,31.11,67.03,BuildingA_Floor2,TypeC
1027,2025-04-12 11:34:08,20.57,32.68,BuildingB_Floor2,TypeB
1007,2025-04-12 16:02:42,21.1,34.52,BuildingA_Floor2,TypeB
1081,2025-04-11 04:20:21,19.31,31.14,BuildingB_Floor1,TypeC
1044,2025-04-13 07:01:16,30.64,50.4,BuildingA_Floor2,TypeC
1060,2025-04-15 08:58:15,24.68,45.96,BuildingB_Floor1,TypeC
1069,2025-04-14 20:32:28,19.73,44.09,BuildingA_Floor1,TypeB
1022,2025-04-12 18:57:48,22.78,71.31,BuildingB_Floor1,TypeA
1052,2025-04-11 05:27:24,33.07,66.48,BuildingB_Floor1,TypeB
1085,2025-04-12 22:36:42,29.29,64.77,BuildingA_Floor2,TypeA
1001,2025-04-11 06:25:59,29.8,35.0,BuildingA_Floor1,TypeB
1099,2025-04-14 21:18:33,28.56,30.7,BuildingA_Floor2,TypeB
1091,2025-04-14 03:26:58,21.81,34.04,BuildingA_Floor1,TypeA
1050,2025-04-13 21:19:48,33.5,67.55,BuildingB_Floor1,TypeB
1035,2025-04-15 21:08:45,31.38,75.18,BuildingB_Floor1,TypeB
1088,2025-04-11 11:08:51,27.92,52.09,BuildingB_Floor1,TypeC
1029,2025-04-14 18:51:26,20.43,65.98,BuildingB_Floor2,TypeA
1083,2025-04-13 06:34:19,20.58,37.07,BuildingA_Floor2,TypeC
1037,2025-04-15 20:34:11,25.94,71.68,BuildingA_Floor2,TypeB
1085,2025-04-13 22:09:38,31.68,58.31,BuildingB_Floor1,TypeC
1037,2025-04-12 08:07:41,16.21,43.67,BuildingB_Floor2,TypeB
1076,2025-04-11 03:33:05,22.01,78.15,BuildingB_Floor1,TypeC
1083,2025-04-12 00:17:07,34.15,53.09,BuildingB_Floor2,TypeA
1093,2025-04-12 17:00:31,22.68,63.22,BuildingA_Floor1,TypeB
1033,2025-04-13 04:59:51,29.39,47.16,BuildingB_Floor1,TypeB
1041,2025-04-14 13:24:11,33.08,65.21,BuildingB_Floor2,TypeB
1063,2025-04-12 20:58:03,30.59,46.48,BuildingB_Floor1,TypeA
1076,2025-04-12 14:55:28,16.53,73.41,BuildingA_Floor1,TypeB
1046,2025-04-14 12:31:47,30.57,41.41,BuildingA_Floor1,TypeC
1080,2025-04-11 21:16:45,21.52,75.28,BuildingB_Floor1,TypeB
1024,2025-04-13 22:31:28,24.83,38.49,BuildingA_Floor1,TypeB
1042,2025-04-11 22:42:27,23.78,73.57,BuildingA_Floor1,TypeB
1027,2025-04-15 01:14:17,23.06,68.45,BuildingA_Floor2,TypeC
1045,2025-04-15 01:32:10,20.52,59.51,BuildingA_Floor2,TypeC
1073,2025-04-14 03:32:36,19.13,43.67,BuildingA_Floor2,TypeA
1011,2025-04-15 03:14:09,22.4,31.52,BuildingA_Floor2,TypeC
1093,2025-04-14 15:20:57,28.31,59.75,BuildingA_Floor1,TypeB
1083,2025-04-13 02:39:29,23.75,46.96,BuildingB_Floor2,TypeC
1089,2025-04-11 01:38:36,16.61,50.21,BuildingB_Floor2,TypeB
1056,2025-04-15 09:03:41,24.9,72.58,BuildingB_Floor2,TypeA
1035,2025-04-13 19:42:12,24.26,78.73,BuildingB_Floor2,TypeC
1007,2025-04-12 01:01:25,16.57,38.86,BuildingB_Floor1,TypeC
1057,2025-04-14 12:56:05,19.97,71.35,BuildingB_Floor1,TypeC
1071,2025-04-14 17:48:42,25.5,68.21,BuildingA_Floor1,TypeB
1062,2025-04-14 05:11:27,27.65,72.22,BuildingA_Floor2,TypeB
1097,2025-04-15 09:55:39,34.65,36.24,BuildingA_Floor1,TypeC
1098,2025-04-11 06:16:46,25.66,41.42,BuildingA_Floor2,TypeB
1082,2025-04-14 07:41:35,16.63,49.39,BuildingB_Floor2,TypeC
1000,2025-04-15 07:25:40,25.39,58.24,BuildingB_Floor2,TypeA
1037,2025-04-11 11:38:39,28.75,30.36,BuildingA_Floor2,TypeA
1071,2025-04-12 01:58:15,28.85,48.14,BuildingB_Floor1,TypeC
1064,2025-04-14 18:16:27,22.1,37.9,BuildingB_Floor1,TypeA
1021,2025-04-15 05:10:23,18.74,68.62,BuildingB_Floor2,TypeA
1013,2025-04-13 10:32:12,19.12,32.07,BuildingB_Floor1,TypeB
1079,2025-04-13 13:08:53,23.08,33.14,BuildingB_Floor1,TypeB
1079,2025-04-15 00:01:51,18.62,38.89,BuildingA_Floor1,TypeA
1083,2025-04-11 03:13:25,34.25,69.77,BuildingB_Floor1,TypeA
1056,2025-04-15 10:17:45,18.54,47.79,BuildingA_Floor1,TypeC
1084,2025-04-11 08:57:10,33.13,42.03,BuildingB_Floor1,TypeC
1078,2025-04-13 16:09:10,21.96,62.8,BuildingB_Floor1,TypeA
1092,2025-04-14 11:51:45,30.6,39.79,BuildingA_Floor2,TypeC
1002,2025-04-11 10:53:32,30.01,70.77,BuildingA_Floor1,TypeB
1053,2025-04-12 13:37:26,15.12,78.15,BuildingB_Floor1,TypeA
1054,2025-04-15 13:35:18,24.08,69.29,BuildingB_Floor1,TypeB
1058,2025-04-14 23:23:58,25.44,74.04,BuildingB_Floor2,TypeB
1017,2025-04-13 12:51:32,24.1,54.53,BuildingA_Floor2,TypeA
1075,2025-04-11 20:14:41,24.65,42.22,BuildingB_Floor2,TypeA
1013,2025-04-14 10:28:47,28.91,68.25,BuildingA_Floor2,TypeB
1001,2025-04-13 15:04:21,15.63,64.65,BuildingA_Floor1,TypeB
1010,2025-04-12 05:26:11,34.49,36.19,BuildingA_Floor2,TypeC
1064,2025-04-12 08:43:36,25.28,32.78,BuildingB_Floor2,TypeB
1067,2025-04-14 12:24:09,29.0,67.42,BuildingB_Floor2,TypeC
1074,2025-04-15 09:57:14,30.47,50.93,BuildingB_Floor2,TypeB
1046,2025-04-14 04:47:51,30.54,59.71,BuildingB_Floor2,TypeB
1077,2025-04-12 01:37:26,21.1,48.15,BuildingA_Floor1,TypeA
1002,2025-04-15 17:49:49,20.13,78.31,BuildingA_Floor2,TypeA
1020,2025-04-11 03:13:36,24.59,47.2,BuildingB_Floor1,TypeB
1008,2025-04-12 21:45:06,28.8,73.92,BuildingA_Floor1,TypeB
1001,2025-04-15 20:58:16,26.03,64.17,BuildingB_Floor1,TypeC
1061,2025-04-12 02:44:42,19.61,35.68,BuildingB_Floor2,TypeC
1000,2025-04-12 12:05:21,25.87,72.7,BuildingB_Floor2,TypeB
1073,2025-04-13 15:33:59,32.02,35.83,BuildingA_Floor1,TypeC
1027,2025-04-14 13:00:58,24.19,38.81,BuildingB_Floor2,TypeB
1088,2025-04-15 11:57:59,17.51,72.59,BuildingA_Floor1,TypeB
1031,2025-04-14 03:38:44,17.22,61.12,BuildingA_Floor2,TypeC
1069,2025-04-13 08:44:14,17.31,74.71,BuildingA_Floor2,TypeC
1079,2025-04-14 06:01:02,19.66,43.38,BuildingA_Floor2,TypeB
1091,2025-04-15 02:38:33,18.7,78.91,BuildingB_Floor1,TypeB
1084,2025-04-15 21:10:42,15.71,65.23,BuildingA_Floor1,TypeC
1082,2025-04-15 22:45:24,24.15,56.8,BuildingA_Floor1,TypeA
1031,2025-04-14 12:38:37,31.54,58.96,BuildingB_Floor1,TypeC
1037,2025-04-14 21:55:42,33.84,78.77,BuildingA_Floor2,TypeB
1033,2025-04-13 17:54:42,25.04,62.73,BuildingB_Floor1,TypeB
1077,2025-04-15 16:07:18,27.04,70.14,BuildingA_Floor1,TypeC
1043,2025-04-14 18:14:27,27.07,40.61,BuildingA_Floor2,TypeA
1076,2025-04-12 23:45:19,34.53,50.15,BuildingA_Floor1,TypeA
